33,5,3,67,2,0,1.1,-36.4,93.994,4.857,5191,0
29,11,5,83,4,0,-0.1,-42,93.2,4.021,5195.8,0
24,7,2,39,17,0,1.4,-42.7,93.918,4.961,5228.1,0
51,11,5,53,2,0,-0.1,-42,93.2,4.021,5195.8,0
38,8,4,191,3,0,1.4,-36.1,93.444,4.968,5228.1,0
23,7,1,69,3,0,1.4,-42.7,93.918,4.96,5228.1,0
34,7,3,127,1,0,1.4,-42.7,93.918,4.962,5228.1,0
33,5,2,82,1,0,1.1,-36.4,93.994,4.857,5191,0
43,5,1,221,2,0,-1.8,-46.2,92.893,1.244,5099.1,0
24,4,1,393,3,0,-1.8,-47.1,93.075,1.405,5099.1,0
30,6,2,194,1,0,-2.9,-40.8,92.963,1.262,5076.2,0
30,6,5,131,1,1,-1.7,-39.8,94.055,0.748,4991.6,0
34,4,5,77,3,0,-1.8,-47.1,93.075,1.405,5099.1,0
40,11,5,608,3,0,-0.1,-42,93.2,4.021,5195.8,0
28,5,1,208,1,0,1.1,-36.4,93.994,4.857,5191,0
56,6,2,77,5,0,1.4,-41.8,94.465,4.961,5228.1,0
34,6,5,9,14,0,1.4,-41.8,94.465,4.959,5228.1,0
33,6,4,169,3,0,1.4,-41.8,94.465,4.866,5228.1,0
22,7,5,106,1,0,1.4,-42.7,93.918,4.957,5228.1,0
49,5,1,16,1,0,-1.8,-46.2,92.893,1.354,5099.1,0
36,11,2,95,1,0,-0.1,-42,93.2,4.153,5195.8,0
29,7,1,326,3,0,-2.9,-33.6,92.469,0.996,5076.2,0
52,8,4,118,1,0,1.4,-36.1,93.444,4.968,5228.1,0
23,7,1,34,3,0,1.4,-42.7,93.918,4.96,5228.1,0
38,8,2,748,2,0,1.4,-36.1,93.444,4.965,5228.1,0
44,11,2,43,2,0,-0.1,-42,93.2,4.153,5195.8,0
30,8,2,79,1,0,1.4,-36.1,93.444,4.963,5228.1,0
25,5,3,101,1,0,-1.8,-46.2,92.893,1.334,5099.1,0
30,7,3,229,4,0,1.4,-42.7,93.918,4.963,5228.1,0
55,11,5,89,2,0,-0.1,-42,93.2,4.021,5195.8,0
26,5,1,113,2,0,-1.8,-46.2,92.893,1.244,5099.1,0
34,8,4,244,1,0,1.4,-36.1,93.444,4.964,5228.1,0
27,4,4,198,3,0,-1.8,-47.1,93.075,1.41,5099.1,0
47,7,3,239,2,0,1.4,-42.7,93.918,4.957,5228.1,0
44,5,5,165,6,0,1.1,-36.4,93.994,4.859,5191,0
40,5,1,98,1,0,1.1,-36.4,93.994,4.857,5191,0
34,7,1,252,4,0,1.4,-42.7,93.918,4.962,5228.1,0
61,4,4,165,2,0,-1.8,-34.6,93.749,0.659,5008.7,0
33,5,5,333,1,1,-1.8,-46.2,92.893,1.25,5099.1,0
37,8,1,86,1,0,1.4,-36.1,93.444,4.965,5228.1,0
45,8,1,390,5,0,1.4,-36.1,93.444,4.965,5228.1,0
32,7,1,77,2,0,1.4,-42.7,93.918,4.962,5228.1,0
33,5,4,139,2,0,1.1,-36.4,93.994,4.86,5191,0
25,5,5,137,4,0,-1.8,-46.2,92.893,1.313,5099.1,0
40,8,4,77,6,0,1.4,-36.1,93.444,4.963,5228.1,0
48,5,2,315,1,0,1.1,-36.4,93.994,4.856,5191,0
58,5,3,244,1,0,1.1,-36.4,93.994,4.858,5191,0
31,8,2,387,1,0,-2.9,-31.4,92.201,0.883,5076.2,0
57,11,3,5,1,0,-0.1,-42,93.2,4.663,5195.8,0
27,7,3,55,1,0,1.4,-42.7,93.918,4.963,5228.1,0
51,5,2,398,2,1,-1.8,-46.2,92.893,1.344,5099.1,0
51,6,2,334,2,0,1.4,-41.8,94.465,4.961,5228.1,0
32,6,1,140,1,0,1.4,-41.8,94.465,4.96,5228.1,0
57,4,1,113,2,1,-1.8,-47.1,93.075,1.405,5099.1,0
24,6,1,298,6,0,1.4,-41.8,94.465,4.96,5228.1,0
29,5,1,245,1,0,-1.8,-46.2,92.893,1.244,5099.1,0
48,6,4,454,4,0,1.4,-41.8,94.465,4.958,5228.1,0
51,6,5,250,3,0,1.4,-41.8,94.465,4.959,5228.1,0
44,6,4,171,1,0,1.4,-41.8,94.465,4.958,5228.1,0
34,6,2,423,1,0,1.4,-41.8,94.465,4.961,5228.1,0
29,5,5,118,1,0,1.1,-36.4,93.994,4.855,5191,0
38,5,4,257,2,0,1.1,-36.4,93.994,4.855,5191,0
35,8,2,146,3,0,1.4,-36.1,93.444,4.968,5228.1,0
45,8,1,38,2,0,1.4,-36.1,93.444,4.965,5228.1,0
33,5,4,789,1,0,1.1,-36.4,93.994,4.855,5191,0
38,5,3,152,1,0,1.1,-36.4,93.994,4.857,5191,0
35,11,3,161,1,0,-0.1,-42,93.2,4.12,5195.8,0
35,5,5,115,6,0,1.1,-36.4,93.994,4.864,5191,0
34,5,1,103,1,0,-1.8,-46.2,92.893,1.299,5099.1,0
51,5,1,212,1,0,-1.8,-46.2,92.893,1.299,5099.1,0
49,7,4,1171,1,0,1.4,-42.7,93.918,4.958,5228.1,0
64,10,3,604,2,0,-1.1,-49.5,94.601,0.959,4963.6,0
35,5,3,208,3,0,1.1,-36.4,93.994,4.858,5191,0
55,5,5,543,3,1,-1.8,-46.2,92.893,1.25,5099.1,0
50,8,1,73,2,0,1.4,-36.1,93.444,4.965,5228.1,0
32,11,4,366,4,0,-0.1,-42,93.2,4.076,5195.8,0
30,8,2,386,3,0,1.4,-36.1,93.444,4.963,5228.1,0
37,5,1,553,1,1,-1.8,-46.2,92.893,1.299,5099.1,0
38,7,2,249,2,0,1.4,-42.7,93.918,4.961,5228.1,0
53,8,1,51,4,0,1.4,-36.1,93.444,4.965,5228.1,0
35,8,1,419,2,0,-2.9,-31.4,92.201,0.884,5076.2,0
27,7,2,483,2,0,1.4,-42.7,93.918,4.962,5228.1,0
28,4,4,477,2,1,-1.8,-47.1,93.075,1.483,5099.1,0
48,5,2,82,1,0,1.1,-36.4,93.994,4.856,5191,0
38,8,2,35,6,0,1.4,-36.1,93.444,4.965,5228.1,0
35,5,2,235,4,0,1.1,-36.4,93.994,4.857,5191,0
49,5,3,43,3,0,-1.8,-46.2,92.893,1.281,5099.1,0
39,8,1,225,2,0,1.4,-36.1,93.444,4.965,5228.1,0
73,3,1,209,2,1,-1.8,-34.8,93.369,0.646,5008.7,0
36,7,3,16,1,0,1.4,-42.7,93.918,4.962,5228.1,0
36,8,1,101,1,0,1.4,-36.1,93.444,4.963,5228.1,0
37,6,1,182,2,0,1.4,-41.8,94.465,4.96,5228.1,0
23,7,3,251,1,0,1.4,-42.7,93.918,4.957,5228.1,0
41,5,5,432,1,0,-1.8,-46.2,92.893,1.25,5099.1,0
25,6,1,178,7,0,1.4,-41.8,94.465,4.96,5228.1,0
32,5,3,186,2,0,-1.8,-46.2,92.893,1.27,5099.1,0
56,5,2,174,2,0,1.1,-36.4,93.994,4.857,5191,0
54,5,4,253,3,0,1.1,-36.4,93.994,4.86,5191,0
34,5,1,210,2,0,1.1,-36.4,93.994,4.858,5191,0
52,7,2,111,8,0,1.4,-42.7,93.918,4.961,5228.1,0
30,8,5,77,9,0,1.4,-36.1,93.444,4.963,5228.1,0
32,8,2,460,2,0,1.4,-36.1,93.444,4.966,5228.1,0
34,7,1,264,1,0,1.4,-42.7,93.918,4.96,5228.1,0
51,7,2,166,2,0,1.4,-42.7,93.918,4.961,5228.1,0
45,5,2,265,4,0,1.1,-36.4,93.994,4.857,5191,0
32,6,5,16,6,0,1.4,-41.8,94.465,4.959,5228.1,0
31,11,1,90,1,0,-0.1,-42,93.2,4.191,5195.8,0
32,7,2,711,1,0,1.4,-42.7,93.918,4.962,5228.1,0
43,5,3,299,3,0,1.1,-36.4,93.994,4.857,5191,0
41,5,2,72,3,0,1.1,-36.4,93.994,4.857,5191,0
42,7,3,73,2,0,1.4,-42.7,93.918,4.963,5228.1,0
40,5,4,105,1,0,1.1,-36.4,93.994,4.86,5191,0
41,7,5,269,7,3,-1.7,-40.3,94.215,0.896,4991.6,0
31,8,4,56,2,0,1.4,-36.1,93.444,4.964,5228.1,0
31,6,4,237,3,0,1.4,-41.8,94.465,4.866,5228.1,0
59,5,4,24,16,0,1.1,-36.4,93.994,4.86,5191,0
60,8,4,130,2,0,-2.9,-31.4,92.201,0.883,5076.2,0
25,5,2,247,3,0,1.1,-36.4,93.994,4.856,5191,0
45,4,3,156,1,0,-1.8,-47.1,93.075,1.405,5099.1,0
58,7,3,374,1,0,1.4,-42.7,93.918,4.963,5228.1,0
54,11,2,149,2,0,-0.1,-42,93.2,4.153,5195.8,0
36,11,2,320,1,2,-3.4,-30.1,92.649,0.715,5017.5,0
28,3,5,186,2,0,-1.8,-50,92.843,1.64,5099.1,0
26,5,3,78,1,0,-1.8,-46.2,92.893,1.27,5099.1,0
35,7,4,126,4,0,1.4,-42.7,93.918,4.968,5228.1,0
27,5,4,101,1,1,-1.8,-46.2,92.893,1.327,5099.1,0
34,6,1,84,3,0,1.4,-41.8,94.465,4.96,5228.1,0
35,7,4,77,3,0,1.4,-42.7,93.918,4.962,5228.1,0
29,8,2,103,4,0,1.4,-36.1,93.444,4.963,5228.1,0
44,7,3,97,1,0,1.4,-42.7,93.918,4.962,5228.1,0
45,11,5,174,1,0,-0.1,-42,93.2,4.021,5195.8,0
36,5,4,115,3,0,-1.8,-46.2,92.893,1.327,5099.1,0
38,5,2,321,1,0,1.1,-36.4,93.994,4.857,5191,0
32,5,5,21,3,0,1.1,-36.4,93.994,4.855,5191,0
32,11,1,77,1,0,-3.4,-30.1,92.649,0.714,5017.5,0
29,8,2,130,6,0,1.4,-36.1,93.444,4.965,5228.1,0
38,4,1,340,1,0,-1.8,-47.1,93.075,1.405,5099.1,0
26,5,5,213,4,0,1.1,-36.4,93.994,4.855,5191,0
28,6,1,373,2,0,-2.9,-40.8,92.963,1.266,5076.2,0
35,4,4,358,1,0,-1.8,-47.1,93.075,1.365,5099.1,0
27,6,4,869,2,0,1.4,-41.8,94.465,4.866,5228.1,0
50,5,5,223,3,0,1.1,-36.4,93.994,4.859,5191,0
46,11,1,504,1,1,-0.1,-42,93.2,4.191,5195.8,0
38,11,1,204,2,0,-0.1,-42,93.2,4.191,5195.8,0
30,5,1,178,1,0,-1.8,-46.2,92.893,1.299,5099.1,0
56,6,1,13,1,0,1.4,-41.8,94.465,4.96,5228.1,0
31,6,5,70,2,0,1.4,-41.8,94.465,4.959,5228.1,0
35,6,4,98,1,0,1.4,-41.8,94.465,4.958,5228.1,0
39,5,4,206,1,0,1.1,-36.4,93.994,4.86,5191,0
60,4,1,18,4,0,-1.8,-47.1,93.075,1.405,5099.1,0
34,5,5,208,4,0,-1.8,-46.2,92.893,1.313,5099.1,0
43,11,3,206,5,0,-0.1,-42,93.2,4.12,5195.8,0
47,5,3,441,2,0,1.1,-36.4,93.994,4.856,5191,0
33,5,3,76,2,0,1.1,-36.4,93.994,4.859,5191,0
54,7,4,9,5,0,1.4,-42.7,93.918,4.968,5228.1,0
35,8,2,117,2,0,1.4,-36.1,93.444,4.966,5228.1,0
58,11,1,70,1,0,-0.1,-42,93.2,4.191,5195.8,0
29,11,5,171,2,0,-0.1,-42,93.2,4.021,5195.8,0
52,4,4,291,1,1,-1.8,-47.1,93.075,1.41,5099.1,0
52,4,4,152,2,1,-1.8,-47.1,93.075,1.435,5099.1,0
40,8,2,454,3,0,1.4,-36.1,93.444,4.966,5228.1,0
33,11,3,69,1,1,-0.1,-42,93.2,4.12,5195.8,0
34,6,1,206,1,0,1.4,-41.8,94.465,4.96,5228.1,0
47,5,2,170,1,0,1.1,-36.4,93.994,4.857,5191,0
38,5,1,362,4,0,1.1,-36.4,93.994,4.857,5191,0
56,6,5,143,2,0,1.4,-41.8,94.465,4.967,5228.1,0
54,4,4,461,2,1,-1.8,-47.1,93.075,1.41,5099.1,0
43,7,3,402,1,0,1.4,-42.7,93.918,4.962,5228.1,0
31,7,1,15,11,0,1.4,-42.7,93.918,4.96,5228.1,0
46,11,2,32,1,1,-0.1,-42,93.2,4.153,5195.8,0
30,8,5,81,2,0,1.4,-36.1,93.444,4.964,5228.1,0
58,6,4,40,2,0,1.4,-41.8,94.465,4.866,5228.1,0
32,8,3,67,4,0,1.4,-36.1,93.444,4.964,5228.1,0
41,5,5,491,1,2,-1.8,-46.2,92.893,1.313,5099.1,0
41,4,2,608,2,0,-1.8,-47.1,93.075,1.423,5099.1,0
38,6,2,43,9,0,1.4,-41.8,94.465,4.961,5228.1,0
32,8,3,224,1,0,1.4,-36.1,93.444,4.965,5228.1,0
47,11,5,183,3,1,-0.1,-42,93.2,4.021,5195.8,0
59,5,2,70,1,0,1.1,-36.4,93.994,4.856,5191,0
38,4,2,186,2,0,-1.8,-47.1,93.075,1.384,5099.1,0
35,5,3,294,1,0,1.1,-36.4,93.994,4.857,5191,0
45,7,3,73,1,0,1.4,-42.7,93.918,4.963,5228.1,0
44,6,1,73,2,0,1.4,-41.8,94.465,4.96,5228.1,0
38,6,2,284,1,0,1.4,-41.8,94.465,4.864,5228.1,0
40,5,2,151,4,0,1.1,-36.4,93.994,4.856,5191,0
24,8,4,147,1,1,-2.9,-31.4,92.201,0.851,5076.2,0
26,5,5,160,3,0,1.1,-36.4,93.994,4.864,5191,0
34,6,5,651,1,0,1.4,-41.8,94.465,4.967,5228.1,0
44,6,1,96,8,0,1.4,-41.8,94.465,4.96,5228.1,0
40,7,1,143,9,0,1.4,-42.7,93.918,4.962,5228.1,0
28,5,2,83,9,1,-1.8,-46.2,92.893,1.344,5099.1,0
37,8,5,89,2,0,1.4,-36.1,93.444,4.966,5228.1,0
51,4,3,89,2,0,-1.8,-47.1,93.075,1.372,5099.1,0
27,5,4,1170,1,0,1.1,-36.4,93.994,4.855,5191,0
29,5,5,202,2,0,-1.8,-46.2,92.893,1.313,5099.1,0
49,6,3,122,5,0,1.4,-41.8,94.465,4.959,5228.1,0
46,6,1,88,1,0,1.4,-41.8,94.465,4.961,5228.1,0
37,7,5,85,3,0,1.4,-42.7,93.918,4.959,5228.1,0
28,10,5,317,2,0,-3.4,-26.9,92.431,0.739,5017.5,0
32,5,5,374,2,0,-1.8,-46.2,92.893,1.313,5099.1,0
43,5,5,288,3,1,-1.8,-46.2,92.893,1.313,5099.1,0
46,6,2,231,2,0,1.4,-41.8,94.465,4.864,5228.1,0
41,11,2,137,1,0,-0.1,-42,93.2,4.153,5195.8,0
46,11,5,383,1,0,-1.1,-50.8,94.767,1.028,4963.6,0
51,7,5,64,1,0,1.4,-42.7,93.918,4.959,5228.1,0
42,7,3,799,6,0,1.4,-42.7,93.918,4.962,5228.1,0
32,5,2,162,1,0,1.1,-36.4,93.994,4.857,5191,0
32,6,1,78,1,0,1.4,-41.8,94.465,4.961,5228.1,0
42,8,3,127,1,0,1.4,-36.1,93.444,4.964,5228.1,0
44,7,3,86,1,0,1.4,-42.7,93.918,4.963,5228.1,0
47,8,4,20,1,0,1.4,-36.1,93.444,4.968,5228.1,0
49,8,2,138,1,0,-2.9,-31.4,92.201,0.883,5076.2,0
44,7,5,228,2,0,1.4,-42.7,93.918,4.963,5228.1,0
27,5,4,136,5,1,-1.8,-46.2,92.893,1.266,5099.1,0
25,5,5,97,1,0,1.1,-36.4,93.994,4.855,5191,0
37,5,3,211,2,0,1.1,-36.4,93.994,4.857,5191,0
35,5,2,131,1,0,1.1,-36.4,93.994,4.856,5191,0
50,8,1,113,2,0,1.4,-36.1,93.444,4.963,5228.1,0
45,8,4,124,3,0,1.4,-36.1,93.444,4.968,5228.1,0
44,5,3,31,1,1,-1.8,-46.2,92.893,1.281,5099.1,0
49,8,4,103,1,0,1.4,-36.1,93.444,4.964,5228.1,0
57,5,5,259,1,1,-1.8,-46.2,92.893,1.259,5099.1,0
32,12,3,87,5,0,-3,-33,92.713,0.715,5023.5,0
38,5,3,204,1,1,-1.8,-46.2,92.893,1.281,5099.1,0
32,11,4,51,1,0,-0.1,-42,93.2,4.076,5195.8,0
27,7,2,72,1,0,1.4,-42.7,93.918,4.961,5228.1,0
54,8,4,218,2,0,1.4,-36.1,93.444,4.968,5228.1,0
46,6,5,86,1,0,1.4,-41.8,94.465,4.967,5228.1,0
54,6,4,322,2,0,1.4,-41.8,94.465,4.958,5228.1,0
24,7,3,139,1,0,1.4,-42.7,93.918,4.962,5228.1,0
56,5,5,185,2,0,1.1,-36.4,93.994,4.855,5191,0
36,8,3,275,1,0,1.4,-36.1,93.444,4.967,5228.1,0
33,8,2,275,6,0,1.4,-36.1,93.444,4.963,5228.1,0
33,8,1,191,3,0,1.4,-36.1,93.444,4.965,5228.1,0
36,11,3,226,2,0,-0.1,-42,93.2,4.12,5195.8,0
38,6,5,177,2,0,-2.9,-40.8,92.963,1.224,5076.2,0
42,5,3,99,2,0,1.1,-36.4,93.994,4.857,5191,0
33,5,1,390,3,0,-1.8,-46.2,92.893,1.354,5099.1,0
28,6,2,151,7,0,1.4,-41.8,94.465,4.864,5228.1,0
39,5,1,327,2,0,-1.8,-46.2,92.893,1.299,5099.1,0
36,5,5,60,16,0,1.1,-36.4,93.994,4.864,5191,0
48,11,3,134,1,0,-0.1,-42,93.2,4.12,5195.8,0
38,7,4,268,1,0,1.4,-42.7,93.918,4.963,5228.1,0
39,11,5,150,4,0,-0.1,-42,93.2,4.021,5195.8,0
47,11,1,53,1,0,-0.1,-42,93.2,4.191,5195.8,0
48,5,3,477,2,0,-1.8,-46.2,92.893,1.334,5099.1,0
32,5,5,76,17,0,1.1,-36.4,93.994,4.859,5191,0
32,5,1,66,3,1,-1.8,-46.2,92.893,1.299,5099.1,0
31,7,3,715,1,0,1.4,-42.7,93.918,4.957,5228.1,0
33,6,4,326,5,0,1.4,-41.8,94.465,4.961,5228.1,0
30,11,5,585,4,1,-0.1,-42,93.2,4.021,5195.8,0
66,5,5,210,1,0,-1.8,-46.2,92.893,1.259,5099.1,0
31,4,1,74,2,0,-1.8,-47.1,93.075,1.405,5099.1,0
46,11,4,358,1,1,-0.1,-42,93.2,4.076,5195.8,0
38,10,2,39,1,1,-0.1,-40.4,93.798,4.968,5195.8,0
39,5,4,22,8,1,-1.8,-46.2,92.893,1.266,5099.1,0
33,8,2,153,1,0,1.4,-36.1,93.444,4.963,5228.1,0
38,6,4,197,1,0,1.4,-41.8,94.465,4.866,5228.1,0
39,8,5,80,1,0,1.4,-36.1,93.444,4.964,5228.1,0
47,5,5,190,1,0,1.1,-36.4,93.994,4.857,5191,0
45,5,3,145,2,0,1.1,-36.4,93.994,4.859,5191,0
28,7,4,69,6,0,1.4,-42.7,93.918,4.968,5228.1,0
35,8,3,252,5,0,1.4,-36.1,93.444,4.967,5228.1,0
37,6,3,200,1,0,-2.9,-40.8,92.963,1.26,5076.2,0
32,8,3,73,1,0,1.4,-36.1,93.444,4.964,5228.1,0
28,8,3,453,1,1,-1.7,-38.3,94.027,0.9,4991.6,0
49,7,4,144,5,0,1.4,-42.7,93.918,4.963,5228.1,0
44,6,1,147,1,0,1.4,-41.8,94.465,4.865,5228.1,0
43,6,4,110,17,0,1.4,-41.8,94.465,4.866,5228.1,0
32,11,5,59,1,0,-0.1,-42,93.2,4.021,5195.8,0
40,11,2,181,1,1,-0.1,-42,93.2,4.153,5195.8,0
53,5,5,264,1,0,1.1,-36.4,93.994,4.864,5191,0
31,5,3,80,1,1,-1.8,-46.2,92.893,1.281,5099.1,0
55,8,3,96,6,0,1.4,-36.1,93.444,4.964,5228.1,0
54,6,3,255,3,0,1.4,-41.8,94.465,4.962,5228.1,0
59,8,4,93,7,0,1.4,-36.1,93.444,4.963,5228.1,0
30,8,4,183,7,0,1.4,-36.1,93.444,4.963,5228.1,0
35,8,5,171,1,0,1.4,-36.1,93.444,4.963,5228.1,0
30,7,3,266,3,0,1.4,-42.7,93.918,4.963,5228.1,0
57,5,4,144,1,0,1.1,-36.4,93.994,4.86,5191,0
53,8,4,88,4,0,1.4,-36.1,93.444,4.962,5228.1,0
40,5,2,224,1,0,1.1,-36.4,93.994,4.856,5191,0
33,7,5,270,1,0,1.4,-42.7,93.918,4.962,5228.1,0
33,5,3,641,1,0,1.1,-36.4,93.994,4.858,5191,0
55,5,4,14,1,0,1.1,-36.4,93.994,4.855,5191,0
55,10,2,156,1,0,-3.4,-26.9,92.431,0.728,5017.5,0
28,5,2,59,3,0,-1.8,-46.2,92.893,1.291,5099.1,0
35,5,2,523,1,1,-1.8,-46.2,92.893,1.344,5099.1,0
31,11,4,210,2,0,-0.1,-42,93.2,4.076,5195.8,0
38,5,1,407,2,0,1.1,-36.4,93.994,4.857,5191,0
23,4,3,343,5,0,-1.8,-47.1,93.075,1.405,5099.1,0
45,6,1,113,1,0,1.4,-41.8,94.465,4.961,5228.1,0
51,8,4,386,1,0,1.4,-36.1,93.444,4.964,5228.1,0
43,8,1,75,1,0,-2.9,-31.4,92.201,0.861,5076.2,0
44,5,3,217,3,1,-1.8,-46.2,92.893,1.334,5099.1,0
30,11,1,209,1,0,-0.1,-42,93.2,4.191,5195.8,0
30,5,3,25,1,0,1.1,-36.4,93.994,4.856,5191,0
42,7,5,295,1,0,1.4,-42.7,93.918,4.962,5228.1,0
20,4,2,47,2,0,-1.8,-47.1,93.075,1.405,5099.1,0
40,8,2,117,1,0,1.4,-36.1,93.444,4.966,5228.1,0
56,8,1,476,2,0,1.4,-36.1,93.444,4.965,5228.1,0
38,5,5,100,1,0,1.1,-36.4,93.994,4.857,5191,0
33,6,5,78,7,0,1.4,-41.8,94.465,4.959,5228.1,0
31,8,3,138,2,0,1.4,-36.1,93.444,4.964,5228.1,0
33,5,2,131,1,0,1.1,-36.4,93.994,4.856,5191,0
37,7,2,144,1,0,1.4,-42.7,93.918,4.961,5228.1,0
35,9,3,110,2,2,-1.1,-37.5,94.199,0.886,4963.6,0
37,11,4,68,1,1,-0.1,-42,93.2,4.076,5195.8,0
35,5,1,213,4,0,-1.8,-46.2,92.893,1.244,5099.1,0
41,8,2,102,1,0,1.4,-36.1,93.444,4.963,5228.1,0
38,6,5,111,5,0,1.4,-41.8,94.465,4.967,5228.1,0
34,5,1,102,3,0,-1.8,-46.2,92.893,1.299,5099.1,0
34,6,2,276,2,0,1.4,-41.8,94.465,4.864,5228.1,0
33,5,4,369,2,0,1.1,-36.4,93.994,4.855,5191,0
55,6,3,345,1,0,1.4,-41.8,94.465,4.962,5228.1,0
41,6,5,145,24,0,1.4,-41.8,94.465,4.959,5228.1,0
40,9,5,155,3,0,-3.4,-29.8,92.379,0.773,5017.5,0
43,6,2,169,4,0,1.4,-41.8,94.465,4.961,5228.1,0
51,5,2,314,4,0,-1.8,-46.2,92.893,1.291,5099.1,0
33,5,4,191,4,0,1.1,-36.4,93.994,4.86,5191,0
29,5,5,13,9,1,-1.8,-46.2,92.893,1.25,5099.1,0
33,10,1,291,1,3,-1.1,-49.5,94.601,0.977,4963.6,0
47,7,2,149,2,0,1.4,-42.7,93.918,4.961,5228.1,0
41,8,5,47,13,0,1.4,-36.1,93.444,4.963,5228.1,0
37,5,1,115,4,0,1.1,-36.4,93.994,4.857,5191,0
29,8,3,225,1,0,1.4,-36.1,93.444,4.967,5228.1,0
57,11,4,124,6,0,-1.1,-50.8,94.767,1.031,4963.6,0
25,6,1,94,2,0,-2.9,-40.8,92.963,1.26,5076.2,0
45,5,2,29,3,0,-1.8,-46.2,92.893,1.344,5099.1,0
37,8,2,178,2,0,1.4,-36.1,93.444,4.966,5228.1,0
54,6,1,71,4,0,1.4,-41.8,94.465,4.96,5228.1,0
45,5,3,215,2,0,1.1,-36.4,93.994,4.857,5191,0
45,5,4,219,1,0,-1.8,-46.2,92.893,1.327,5099.1,0
58,11,3,577,1,0,-0.1,-42,93.2,4.12,5195.8,0
29,7,3,438,1,0,1.4,-42.7,93.918,4.963,5228.1,0
46,5,1,103,1,0,1.1,-36.4,93.994,4.857,5191,0
46,5,3,336,1,0,1.1,-36.4,93.994,4.858,5191,0
23,5,4,361,2,0,-1.8,-46.2,92.893,1.27,5099.1,0
32,3,1,75,2,0,-1.8,-50,92.843,1.703,5099.1,0
32,7,4,668,1,0,1.4,-42.7,93.918,4.963,5228.1,0
30,5,4,212,6,0,1.1,-36.4,93.994,4.86,5191,0
36,8,1,45,1,0,1.4,-36.1,93.444,4.965,5228.1,0
27,11,5,24,1,0,-0.1,-42,93.2,3.853,5195.8,0
24,7,1,722,3,0,1.4,-42.7,93.918,4.96,5228.1,0
27,5,2,259,1,0,-1.8,-46.2,92.893,1.291,5099.1,0
49,7,4,388,1,0,1.4,-42.7,93.918,4.958,5228.1,0
32,5,1,72,2,0,1.1,-36.4,93.994,4.857,5191,0
27,7,1,112,1,0,1.4,-42.7,93.918,4.96,5228.1,0
46,6,1,63,1,0,1.4,-41.8,94.465,4.865,5228.1,0
34,7,4,481,1,0,1.4,-42.7,93.918,4.963,5228.1,0
43,6,3,173,1,0,1.4,-41.8,94.465,4.962,5228.1,0
48,5,5,36,1,0,-1.8,-46.2,92.893,1.25,5099.1,0
23,7,2,246,1,0,1.4,-42.7,93.918,4.961,5228.1,0
25,5,5,274,2,0,1.1,-36.4,93.994,4.857,5191,0
50,9,3,1353,2,0,-3.4,-29.8,92.379,0.749,5017.5,0
32,5,1,287,1,0,1.1,-36.4,93.994,4.858,5191,0
24,6,2,211,1,0,-2.9,-40.8,92.963,1.262,5076.2,0
41,5,3,343,1,0,1.1,-36.4,93.994,4.858,5191,0
30,4,5,103,1,0,-1.8,-47.1,93.075,1.479,5099.1,0
36,5,4,349,1,1,-1.8,-46.2,92.893,1.327,5099.1,0
60,7,1,230,1,0,1.4,-42.7,93.918,4.96,5228.1,0
47,8,3,56,5,0,1.4,-36.1,93.444,4.964,5228.1,0
36,5,1,427,1,0,1.1,-36.4,93.994,4.857,5191,0
34,5,1,95,1,0,-1.8,-46.2,92.893,1.299,5099.1,0
30,6,5,10,8,0,1.4,-41.8,94.465,4.959,5228.1,0
46,7,3,251,3,0,1.4,-42.7,93.918,4.963,5228.1,0
31,5,3,350,1,0,1.1,-36.4,93.994,4.857,5191,0
25,7,4,59,3,0,1.4,-42.7,93.918,4.958,5228.1,0
19,5,2,338,4,0,-1.8,-46.2,92.893,1.344,5099.1,0
44,11,2,182,1,0,-0.1,-42,93.2,4.153,5195.8,0
35,5,5,130,2,0,-1.8,-46.2,92.893,1.313,5099.1,0
46,6,4,89,1,0,1.4,-41.8,94.465,4.961,5228.1,0
27,7,4,184,3,0,1.4,-42.7,93.918,4.963,5228.1,0
35,11,1,212,1,2,-1.1,-50.8,94.767,1.05,4963.6,0
53,4,3,75,3,0,-1.8,-47.1,93.075,1.372,5099.1,0
32,11,4,75,2,0,-0.1,-42,93.2,4.076,5195.8,0
52,6,3,43,1,0,1.4,-41.8,94.465,4.962,5228.1,0
40,7,5,250,1,0,1.4,-42.7,93.918,4.962,5228.1,0
31,6,3,357,2,0,1.4,-41.8,94.465,4.864,5228.1,0
56,5,5,90,3,0,1.1,-36.4,93.994,4.857,5191,0
53,4,5,111,2,0,-1.8,-47.1,93.075,1.405,5099.1,0
50,5,1,200,2,0,1.1,-36.4,93.994,4.857,5191,0
35,6,4,140,1,0,1.4,-41.8,94.465,4.961,5228.1,0
35,5,3,91,2,0,1.1,-36.4,93.994,4.858,5191,0
39,11,4,391,2,0,-0.1,-42,93.2,4.076,5195.8,0
50,6,2,128,6,0,1.4,-41.8,94.465,4.864,5228.1,0
30,8,4,93,4,0,1.4,-36.1,93.444,4.968,5228.1,0
43,5,2,286,1,1,-1.8,-46.2,92.893,1.344,5099.1,0
26,5,5,155,3,0,1.1,-36.4,93.994,4.855,5191,0
31,5,4,102,4,0,1.1,-36.4,93.994,4.86,5191,0
33,4,1,87,2,2,-1.8,-47.1,93.075,1.405,5099.1,0
32,11,3,77,2,0,-0.1,-42,93.2,4.12,5195.8,0
24,10,5,160,1,0,-3.4,-26.9,92.431,0.72,5017.5,0
38,3,4,119,1,0,-1.8,-50,92.843,1.757,5099.1,0
35,8,4,347,1,0,1.4,-36.1,93.444,4.964,5228.1,0
35,7,5,102,5,0,1.4,-42.7,93.918,4.962,5228.1,0
29,11,3,96,3,0,-0.1,-42,93.2,4.12,5195.8,0
35,5,4,322,3,0,-1.8,-46.2,92.893,1.27,5099.1,0
41,4,5,464,2,0,-1.8,-47.1,93.075,1.405,5099.1,0
41,5,3,130,4,0,1.1,-36.4,93.994,4.856,5191,0
25,11,2,345,2,0,-3.4,-30.1,92.649,0.715,5017.5,0
25,8,5,81,1,1,-2.9,-31.4,92.201,0.825,5076.2,0
32,7,4,77,2,0,1.4,-42.7,93.918,4.958,5228.1,0
31,5,1,32,2,0,-1.8,-46.2,92.893,1.244,5099.1,0
33,5,4,320,1,0,-1.8,-46.2,92.893,1.327,5099.1,0
34,6,2,116,2,0,-2.9,-40.8,92.963,1.262,5076.2,0
41,6,3,38,1,0,1.4,-41.8,94.465,4.864,5228.1,0
42,6,5,174,1,0,1.4,-41.8,94.465,4.967,5228.1,0
28,7,1,225,3,0,1.4,-42.7,93.918,4.96,5228.1,0
31,10,2,146,2,3,-1.1,-49.5,94.601,0.982,4963.6,0
37,5,1,176,1,0,-1.8,-46.2,92.893,1.244,5099.1,0
43,7,3,272,1,0,1.4,-42.7,93.918,4.962,5228.1,0
29,7,4,48,7,0,1.4,-42.7,93.918,4.958,5228.1,0
70,8,4,320,1,0,-2.9,-31.4,92.201,0.883,5076.2,0
37,8,2,223,1,0,1.4,-36.1,93.444,4.968,5228.1,0
43,11,5,24,9,0,-0.1,-42,93.2,4.021,5195.8,0
47,6,1,224,3,0,1.4,-41.8,94.465,4.961,5228.1,0
30,7,3,22,3,0,1.4,-42.7,93.918,4.963,5228.1,0
26,7,3,111,8,0,1.4,-42.7,93.918,4.963,5228.1,0
45,5,4,165,1,3,-1.8,-40,93.876,0.692,5008.7,0
36,5,2,155,2,0,1.1,-36.4,93.994,4.857,5191,0
32,6,5,123,3,0,1.4,-41.8,94.465,4.959,5228.1,0
49,11,3,582,1,0,-0.1,-42,93.2,4.12,5195.8,0
26,5,2,112,3,0,1.1,-36.4,93.994,4.857,5191,0
48,4,5,267,2,1,-1.8,-47.1,93.075,1.405,5099.1,0
34,5,2,248,2,0,1.1,-36.4,93.994,4.856,5191,0
29,5,3,68,1,0,-1.8,-46.2,92.893,1.281,5099.1,0
25,7,2,112,1,1,-2.9,-33.6,92.469,1.044,5076.2,0
46,5,4,247,2,1,-1.8,-46.2,92.893,1.327,5099.1,0
55,5,3,217,2,0,1.1,-36.4,93.994,4.857,5191,0
45,4,1,79,1,1,-1.8,-47.1,93.075,1.405,5099.1,0
56,7,4,13,2,0,1.4,-42.7,93.918,4.968,5228.1,0
52,5,5,346,3,0,1.1,-36.4,93.994,4.855,5191,0
39,7,4,543,29,0,1.4,-42.7,93.918,4.968,5228.1,0
32,6,2,206,1,0,1.4,-41.8,94.465,4.864,5228.1,0
39,6,2,132,2,0,1.4,-41.8,94.465,4.961,5228.1,0
31,5,5,429,1,3,-1.8,-40,93.876,0.695,5008.7,0
36,4,5,193,3,0,-1.8,-47.1,93.075,1.405,5099.1,0
42,5,5,665,1,0,-1.8,-46.2,92.893,1.25,5099.1,0
32,8,2,66,7,0,1.4,-36.1,93.444,4.965,5228.1,0
35,6,2,497,2,0,1.4,-41.8,94.465,4.864,5228.1,0
31,6,2,105,1,0,1.4,-41.8,94.465,4.961,5228.1,0
52,5,5,38,2,0,-1.8,-46.2,92.893,1.313,5099.1,0
35,5,3,65,2,0,-1.8,-46.2,92.893,1.281,5099.1,0
31,5,1,182,8,0,1.1,-36.4,93.994,4.858,5191,0
56,8,3,102,1,0,1.4,-36.1,93.444,4.967,5228.1,0
41,7,5,159,1,0,1.4,-42.7,93.918,4.963,5228.1,0
29,5,3,266,2,0,1.1,-36.4,93.994,4.859,5191,0
27,5,4,88,1,1,-1.8,-46.2,92.893,1.266,5099.1,0
39,6,4,582,1,0,1.4,-41.8,94.465,4.958,5228.1,0
32,5,3,630,3,1,-1.8,-46.2,92.893,1.281,5099.1,0
50,7,2,849,1,0,1.4,-42.7,93.918,4.961,5228.1,1
39,3,1,222,1,2,-1.8,-34.8,93.369,0.639,5008.7,1
38,8,1,479,1,0,1.4,-36.1,93.444,4.965,5228.1,1
24,9,2,89,2,1,-3.4,-29.8,92.379,0.77,5017.5,1
60,9,3,481,1,1,-1.1,-37.5,94.199,0.886,4963.6,1
52,4,3,403,1,1,-1.8,-34.6,93.749,0.654,5008.7,1
32,11,1,1091,2,1,-0.1,-42,93.2,4.191,5195.8,1
39,6,1,432,4,0,1.4,-41.8,94.465,4.865,5228.1,1
51,7,1,596,3,0,1.4,-42.7,93.918,4.962,5228.1,1
31,8,2,768,1,0,1.4,-36.1,93.444,4.966,5228.1,1
47,6,4,835,3,0,1.4,-41.8,94.465,4.961,5228.1,1
45,8,4,505,1,0,1.4,-36.1,93.444,4.964,5228.1,1
41,11,2,854,1,0,-0.1,-42,93.2,4.153,5195.8,1
75,4,2,109,1,1,-1.8,-47.1,93.075,1.405,5099.1,1
38,4,1,360,1,0,-1.8,-47.1,93.075,1.392,5099.1,1
58,6,2,663,1,0,-2.9,-40.8,92.963,1.262,5076.2,1
53,6,3,706,1,0,1.4,-41.8,94.465,4.959,5228.1,1
28,8,4,63,2,1,-2.9,-31.4,92.201,0.851,5076.2,1
82,9,2,279,3,2,-1.1,-37.5,94.199,0.877,4963.6,1
31,7,2,309,1,3,-1.7,-40.3,94.215,0.835,4991.6,1
45,10,5,738,3,1,-1.1,-49.5,94.601,1.029,4963.6,1
27,3,2,128,1,1,-1.8,-34.8,93.369,0.637,5008.7,1
52,8,5,809,1,0,1.4,-36.1,93.444,4.966,5228.1,1
50,5,1,293,3,1,-1.8,-46.2,92.893,1.354,5099.1,1
50,7,1,629,2,0,1.4,-42.7,93.918,4.96,5228.1,1
76,11,1,347,4,1,-3.4,-30.1,92.649,0.715,5017.5,1
33,8,4,686,4,0,1.4,-36.1,93.444,4.963,5228.1,1
41,3,3,377,6,0,-1.8,-50,92.843,1.778,5099.1,1
32,7,4,255,1,0,1.4,-42.7,93.918,4.963,5228.1,1
54,11,2,1868,2,1,-1.1,-50.8,94.767,1.035,4963.6,1
58,8,1,846,1,0,1.4,-36.1,93.444,4.97,5228.1,1
59,6,4,1207,4,1,-1.7,-39.8,94.055,0.742,4991.6,1
26,7,5,806,3,2,-1.7,-40.3,94.215,0.861,4991.6,1
57,8,2,388,4,0,1.4,-36.1,93.444,4.965,5228.1,1
36,5,3,951,3,1,-1.8,-46.2,92.893,1.281,5099.1,1
29,3,1,215,1,0,-1.8,-34.8,93.369,0.639,5008.7,1
81,5,1,617,2,0,-1.8,-46.2,92.893,1.354,5099.1,1
34,6,3,238,1,2,-1.7,-39.8,94.055,0.704,4991.6,1
48,8,5,336,8,0,1.4,-36.1,93.444,4.964,5228.1,1
30,5,1,417,1,1,-1.8,-46.2,92.893,1.354,5099.1,1
45,11,1,449,2,3,-1.1,-50.8,94.767,1.05,4963.6,1
61,5,5,403,1,2,-1.8,-40,93.876,0.695,5008.7,1
67,11,1,655,2,5,-1.1,-50.8,94.767,1.039,4963.6,1
73,3,5,179,1,0,-1.8,-50,92.843,1.531,5099.1,1
44,5,1,775,5,1,-1.8,-46.2,92.893,1.354,5099.1,1
30,7,3,988,1,0,1.4,-42.7,93.918,4.963,5228.1,1
18,9,4,385,1,1,-3.4,-29.8,92.379,0.809,5017.5,1
29,5,5,886,3,0,1.1,-36.4,93.994,4.864,5191,1
31,10,4,154,1,0,-0.1,-40.4,93.798,4.794,5195.8,1
44,5,2,955,2,0,-1.8,-46.2,92.893,1.344,5099.1,1
51,5,3,809,1,1,-1.8,-46.2,92.893,1.281,5099.1,1
38,5,5,1276,1,0,-1.8,-46.2,92.893,1.313,5099.1,1
59,6,4,701,1,0,1.4,-41.8,94.465,4.866,5228.1,1
60,8,1,600,2,0,1.4,-36.1,93.444,4.965,5228.1,1
33,6,2,690,1,0,-2.9,-40.8,92.963,1.262,5076.2,1
23,10,1,226,2,1,-1.1,-49.5,94.601,1.032,4963.6,1
38,7,2,1058,1,0,1.4,-42.7,93.918,4.961,5228.1,1
33,4,4,285,1,0,-1.8,-47.1,93.075,1.41,5099.1,1
37,7,5,292,1,1,-1.7,-40.3,94.215,0.896,4991.6,1
31,7,4,1319,5,0,1.4,-42.7,93.918,4.958,5228.1,1
36,6,5,146,2,0,-2.9,-40.8,92.963,1.268,5076.2,1
77,8,5,160,1,6,-1.7,-38.3,94.027,0.905,4991.6,1
35,6,4,618,1,0,1.4,-41.8,94.465,4.961,5228.1,1
40,11,1,130,1,2,-3.4,-30.1,92.649,0.714,5017.5,1
35,4,4,218,2,1,-1.8,-34.6,93.749,0.644,5008.7,1
54,8,5,204,1,1,-2.9,-31.4,92.201,0.849,5076.2,1
27,7,2,509,4,0,1.4,-42.7,93.918,4.962,5228.1,1
42,11,1,651,2,1,-0.1,-42,93.2,4.191,5195.8,1
49,6,4,1149,2,0,1.4,-41.8,94.465,4.866,5228.1,1
31,7,5,608,3,2,-1.7,-40.3,94.215,0.885,4991.6,1
25,11,4,244,1,0,-1.1,-50.8,94.767,1.041,4963.6,1
34,11,3,686,1,0,-0.1,-42,93.2,4.12,5195.8,1
34,8,3,455,3,0,1.4,-36.1,93.444,4.967,5228.1,1
58,11,4,344,2,0,-1.1,-50.8,94.767,1.041,4963.6,1
30,8,1,638,4,0,1.4,-36.1,93.444,4.963,5228.1,1
57,4,2,1348,4,0,-1.8,-47.1,93.075,1.405,5099.1,1
41,8,4,324,1,0,-1.7,-38.3,94.027,0.904,4991.6,1
86,9,2,211,1,4,-1.1,-37.5,94.199,0.877,4963.6,1
41,11,1,545,2,0,-1.1,-50.8,94.767,1.039,4963.6,1
42,12,3,179,1,1,-3,-33,92.713,0.715,5023.5,1
31,6,3,767,2,0,1.4,-41.8,94.465,4.864,5228.1,1
31,10,4,142,1,0,-3.4,-26.9,92.431,0.722,5017.5,1
33,11,5,482,1,1,-1.1,-50.8,94.767,1.049,4963.6,1
45,9,1,569,4,0,-3.4,-29.8,92.379,0.797,5017.5,1
41,8,1,697,2,0,1.4,-36.1,93.444,4.963,5228.1,1
75,7,4,229,1,2,-1.7,-40.3,94.215,0.81,4991.6,1
47,6,1,243,4,0,-2.9,-40.8,92.963,1.281,5076.2,1
27,10,3,184,1,1,-1.1,-49.5,94.601,1.043,4963.6,1
30,6,1,181,2,0,-2.9,-40.8,92.963,1.26,5076.2,1
41,7,1,1360,3,0,1.4,-42.7,93.918,4.96,5228.1,1
39,5,2,650,3,0,1.1,-36.4,93.994,4.856,5191,1
48,8,4,544,1,0,-1.7,-38.3,94.027,0.904,4991.6,1
21,6,3,286,2,0,-1.7,-39.8,94.055,0.767,4991.6,1
64,8,5,239,4,0,-1.7,-38.3,94.027,0.905,4991.6,1
56,6,2,941,3,0,1.4,-41.8,94.465,4.864,5228.1,1
38,11,2,64,1,3,-3.4,-30.1,92.649,0.715,5017.5,1
24,3,3,224,1,0,-1.8,-50,92.843,1.602,5099.1,1
30,9,5,173,2,4,-1.1,-37.5,94.199,0.879,4963.6,1
51,5,5,653,1,0,1.1,-36.4,93.994,4.855,5191,1
54,5,1,397,1,1,-1.8,-46.2,92.893,1.264,5099.1,1
26,3,1,1447,2,0,-1.8,-50,92.843,1.811,5099.1,1
33,5,5,1132,2,0,1.1,-36.4,93.994,4.855,5191,1
51,6,4,280,2,1,-2.9,-40.8,92.963,1.26,5076.2,1
33,8,2,396,2,0,1.4,-36.1,93.444,4.966,5228.1,1
25,5,5,1068,3,0,-1.8,-46.2,92.893,1.25,5099.1,1
38,5,5,772,1,0,1.1,-36.4,93.994,4.855,5191,1
54,5,1,337,1,0,-1.8,-46.2,92.893,1.264,5099.1,1
36,5,2,458,1,0,-1.8,-46.2,92.893,1.291,5099.1,1
50,8,2,587,2,1,-2.9,-31.4,92.201,0.859,5076.2,1
48,8,3,288,1,3,-1.7,-38.3,94.027,0.9,4991.6,1
33,9,4,272,2,0,-1.1,-37.5,94.199,0.878,4963.6,1
41,5,1,679,2,0,1.1,-36.4,93.994,4.857,5191,1
39,9,2,261,1,1,-3.4,-29.8,92.379,0.788,5017.5,1
52,8,2,167,1,4,-2.9,-31.4,92.201,0.883,5076.2,1
49,7,1,1065,3,0,1.4,-42.7,93.918,4.962,5228.1,1
50,12,1,229,1,1,-3,-33,92.713,0.717,5023.5,1
58,12,4,154,1,1,-3,-33,92.713,0.72,5023.5,1
35,6,4,121,4,0,-2.9,-40.8,92.963,1.26,5076.2,1
29,8,1,716,2,0,1.4,-36.1,93.444,4.965,5228.1,1
29,5,5,760,1,0,-1.8,-46.2,92.893,1.25,5099.1,1
36,6,4,762,3,0,1.4,-41.8,94.465,4.955,5228.1,1
59,7,4,458,9,0,1.4,-42.7,93.918,4.962,5228.1,1
53,4,4,758,2,2,-1.8,-34.6,93.749,0.64,5008.7,1
59,7,1,630,3,0,1.4,-42.7,93.918,4.962,5228.1,1
28,6,4,651,5,0,1.4,-41.8,94.465,4.958,5228.1,1
30,11,5,331,2,0,-0.1,-42,93.2,4.021,5195.8,1
37,7,4,609,2,3,-1.7,-40.3,94.215,0.782,4991.6,1
55,5,3,526,4,1,-1.8,-46.2,92.893,1.281,5099.1,1
36,9,3,331,1,4,-1.1,-37.5,94.199,0.876,4963.6,1
71,9,1,363,1,0,-1.1,-37.5,94.199,0.879,4963.6,1
58,5,1,1234,3,0,1.1,-36.4,93.994,4.857,5191,1
32,11,2,486,1,0,-0.1,-42,93.2,4.343,5195.8,1
27,3,2,238,4,0,-1.8,-34.8,93.369,0.635,5008.7,1
39,11,5,749,2,0,-0.1,-42,93.2,4.021,5195.8,1
31,7,3,1327,2,0,1.4,-42.7,93.918,4.963,5228.1,1
47,6,5,2653,3,0,1.4,-41.8,94.465,4.967,5228.1,1
32,4,4,1143,1,0,-1.8,-47.1,93.075,1.365,5099.1,1
36,7,3,570,2,0,1.4,-42.7,93.918,4.962,5228.1,1
42,5,3,938,1,0,1.1,-36.4,93.994,4.858,5191,1
51,7,4,901,1,0,1.4,-42.7,93.918,4.963,5228.1,1
68,7,1,546,2,1,-1.7,-40.3,94.215,0.889,4991.6,1
33,5,5,728,1,0,-1.8,-46.2,92.893,1.313,5099.1,1
31,9,4,244,1,1,-1.1,-37.5,94.199,0.878,4963.6,1
38,6,3,539,1,0,-2.9,-40.8,92.963,1.26,5076.2,1
64,5,3,671,3,0,-1.8,-40,93.876,0.697,5008.7,1
51,6,2,781,1,0,1.4,-41.8,94.465,4.961,5228.1,1
45,7,4,367,2,0,1.4,-42.7,93.918,4.962,5228.1,1
54,5,3,193,1,1,-1.8,-46.2,92.893,1.27,5099.1,1
54,10,4,164,2,0,-3.4,-26.9,92.431,0.722,5017.5,1
78,7,1,1148,1,0,-1.7,-40.3,94.215,0.87,4991.6,1
27,7,5,423,3,0,-1.7,-40.3,94.215,0.79,4991.6,1
38,5,5,894,1,0,1.1,-36.4,93.994,4.859,5191,1
32,7,1,891,4,0,1.4,-42.7,93.918,4.96,5228.1,1
35,5,5,585,1,0,-1.8,-46.2,92.893,1.25,5099.1,1
26,9,5,249,1,3,-1.1,-37.5,94.199,0.879,4963.6,1
80,5,1,382,1,3,-1.8,-40,93.876,0.697,5008.7,1
32,5,3,412,1,0,-1.8,-46.2,92.893,1.27,5099.1,1
33,5,3,1183,1,0,1.1,-36.4,93.994,4.857,5191,1
44,5,1,903,4,0,-1.8,-46.2,92.893,1.244,5099.1,1
39,7,1,375,3,0,-1.7,-40.3,94.215,0.827,4991.6,1
44,11,1,1628,2,1,-3.4,-30.1,92.649,0.719,5017.5,1
54,4,5,840,3,0,-1.8,-47.1,93.075,1.405,5099.1,1
29,10,3,107,2,0,-3.4,-26.9,92.431,0.735,5017.5,1
31,8,1,868,3,3,-1.7,-38.3,94.027,0.898,4991.6,1
29,6,2,347,3,1,-1.7,-39.8,94.055,0.702,4991.6,1
33,4,3,351,3,0,-1.8,-47.1,93.075,1.498,5099.1,1
36,8,3,529,1,0,1.4,-36.1,93.444,4.965,5228.1,1
44,5,4,533,1,0,-1.8,-46.2,92.893,1.266,5099.1,1
27,8,3,429,2,0,-2.9,-31.4,92.201,0.879,5076.2,1
41,8,2,766,2,0,1.4,-36.1,93.444,4.968,5228.1,1
29,6,3,431,2,2,-2.9,-40.8,92.963,1.26,5076.2,1
37,8,2,481,2,4,-1.7,-38.3,94.027,0.899,4991.6,1
55,4,3,307,1,1,-1.8,-47.1,93.075,1.405,5099.1,1
50,7,1,1130,3,0,1.4,-42.7,93.918,4.962,5228.1,1
48,11,2,747,2,0,-3.4,-30.1,92.649,0.715,5017.5,1
33,5,1,2301,1,0,-1.8,-46.2,92.893,1.244,5099.1,1
43,5,4,460,1,1,-1.8,-40,93.876,0.699,5008.7,1
30,4,2,496,1,0,-1.8,-47.1,93.075,1.423,5099.1,1
34,3,2,568,1,3,-1.8,-34.8,93.369,0.652,5008.7,1
47,5,2,1334,1,0,1.1,-36.4,93.994,4.856,5191,1
42,8,4,295,1,2,-1.7,-38.3,94.027,0.899,4991.6,1
41,5,3,1138,1,0,1.1,-36.4,93.994,4.856,5191,1
33,7,3,1019,11,0,1.4,-42.7,93.918,4.957,5228.1,1
51,8,4,212,1,0,-2.9,-31.4,92.201,0.829,5076.2,1
36,6,1,422,1,4,-1.7,-39.8,94.055,0.72,4991.6,1
86,9,2,340,1,0,-1.1,-37.5,94.199,0.877,4963.6,1
37,6,5,300,1,2,-1.7,-39.8,94.055,0.748,4991.6,1
30,6,1,212,4,0,-1.7,-39.8,94.055,0.72,4991.6,1
31,12,3,854,1,0,-3,-33,92.713,0.715,5023.5,1
28,8,2,261,1,1,-1.7,-38.3,94.027,0.899,4991.6,1
42,4,4,163,1,0,-1.8,-47.1,93.075,1.406,5099.1,1
37,10,3,364,1,1,-3.4,-26.9,92.431,0.742,5017.5,1
32,5,3,857,1,0,1.1,-36.4,93.994,4.858,5191,1
36,6,1,458,1,4,-1.7,-39.8,94.055,0.72,4991.6,1
32,6,3,310,1,0,-1.7,-39.8,94.055,0.704,4991.6,1
76,6,2,352,1,1,-1.7,-39.8,94.055,0.761,4991.6,1
56,11,5,178,2,1,-3.4,-30.1,92.649,0.716,5017.5,1
31,5,4,243,2,1,-1.8,-40,93.876,0.677,5008.7,1
41,11,2,95,1,1,-3.4,-30.1,92.649,0.715,5017.5,1
35,4,4,330,1,1,-1.8,-34.6,93.749,0.644,5008.7,1
40,6,2,355,1,0,-2.9,-40.8,92.963,1.252,5076.2,1
29,7,3,873,2,0,1.4,-42.7,93.918,4.957,5228.1,1
39,7,3,1176,1,0,1.4,-42.7,93.918,4.963,5228.1,1
39,12,1,387,1,2,-3,-33,92.713,0.706,5023.5,1
30,6,3,617,2,0,-2.9,-40.8,92.963,1.26,5076.2,1
39,5,4,476,1,0,-1.8,-46.2,92.893,1.327,5099.1,1
26,11,5,338,1,1,-3.4,-30.1,92.649,0.714,5017.5,1
32,5,1,689,1,0,-1.8,-46.2,92.893,1.299,5099.1,1
31,7,3,458,2,0,1.4,-42.7,93.918,4.963,5228.1,1
46,11,5,796,5,1,-0.1,-42,93.2,4.021,5195.8,1
31,7,3,662,1,0,1.4,-42.7,93.918,4.962,5228.1,1
31,12,1,367,2,1,-3,-33,92.713,0.709,5023.5,1
52,6,3,633,1,0,1.4,-41.8,94.465,4.864,5228.1,1
36,11,2,238,1,0,-1.1,-50.8,94.767,1.046,4963.6,1
57,9,2,473,1,5,-1.1,-37.5,94.199,0.877,4963.6,1
32,7,4,415,2,0,-1.7,-40.3,94.215,0.846,4991.6,1
58,5,2,1045,1,0,1.1,-36.4,93.994,4.856,5191,1
28,5,2,326,1,0,-1.8,-46.2,92.893,1.266,5099.1,1
37,4,4,261,1,0,-1.8,-47.1,93.075,1.365,5099.1,1
47,8,1,1152,3,0,1.4,-36.1,93.444,4.965,5228.1,1
51,7,5,139,5,0,-2.9,-33.6,92.469,0.921,5076.2,1
48,5,2,725,1,0,-1.8,-46.2,92.893,1.291,5099.1,1
30,7,4,873,8,0,1.4,-42.7,93.918,4.962,5228.1,1
50,11,1,183,1,1,-3.4,-30.1,92.649,0.714,5017.5,1
57,6,1,166,2,0,-2.9,-40.8,92.963,1.266,5076.2,1
44,8,4,254,2,0,-2.9,-31.4,92.201,0.883,5076.2,1
31,3,2,180,1,1,-1.8,-34.8,93.369,0.646,5008.7,1
39,5,2,504,4,0,1.1,-36.4,93.994,4.856,5191,1
33,6,3,206,1,1,-1.7,-39.8,94.055,0.715,4991.6,1
30,6,5,166,2,0,-2.9,-40.8,92.963,1.268,5076.2,1
39,10,4,171,1,0,-0.1,-40.4,93.798,4.921,5195.8,1
36,8,5,159,1,2,-2.9,-31.4,92.201,0.849,5076.2,1
21,10,2,362,1,0,-1.1,-49.5,94.601,0.982,4963.6,1
31,6,4,952,4,0,1.4,-41.8,94.465,4.961,5228.1,1
43,5,2,426,1,1,-1.8,-46.2,92.893,1.291,5099.1,1
55,8,2,244,2,3,-1.7,-38.3,94.027,0.904,4991.6,1
38,11,3,403,2,0,-1.1,-50.8,94.767,1.03,4963.6,1
48,5,2,268,1,3,-1.8,-40,93.876,0.668,5008.7,1
53,6,2,501,3,0,-2.9,-40.8,92.963,1.262,5076.2,1
31,7,4,3643,1,0,1.4,-42.7,93.918,4.963,5228.1,1
27,7,1,1105,2,0,1.4,-42.7,93.918,4.96,5228.1,1
34,7,2,838,3,0,1.4,-42.7,93.918,4.961,5228.1,1
31,5,3,829,1,1,-1.8,-46.2,92.893,1.281,5099.1,1
27,3,1,104,1,1,-1.8,-34.8,93.369,0.652,5008.7,1
28,6,3,771,2,0,1.4,-41.8,94.465,4.962,5228.1,1
47,8,1,232,2,0,-2.9,-31.4,92.201,0.843,5076.2,1
33,4,3,1176,1,0,-1.8,-47.1,93.075,1.498,5099.1,1
31,11,1,984,1,0,-0.1,-42,93.2,4.191,5195.8,1
38,6,5,693,3,0,1.4,-41.8,94.465,4.959,5228.1,1
30,8,2,592,3,1,-1.7,-38.3,94.027,0.899,4991.6,1
32,5,3,628,2,0,-1.8,-46.2,92.893,1.27,5099.1,1
35,11,4,192,2,1,-3.4,-30.1,92.649,0.714,5017.5,1
41,5,1,1111,3,0,1.1,-36.4,93.994,4.857,5191,1
22,7,1,848,1,0,1.4,-42.7,93.918,4.96,5228.1,1
52,9,1,211,1,1,-3.4,-29.8,92.379,0.797,5017.5,1
29,8,4,254,3,1,-2.9,-31.4,92.201,0.873,5076.2,1
50,5,5,855,2,0,1.1,-36.4,93.994,4.864,5191,1
29,5,1,565,1,0,-1.8,-46.2,92.893,1.244,5099.1,1
38,6,2,992,1,0,1.4,-41.8,94.465,4.864,5228.1,1
26,5,5,619,2,0,1.1,-36.4,93.994,4.859,5191,1
34,9,5,260,3,2,-3.4,-29.8,92.379,0.773,5017.5,1
41,6,2,318,1,3,-2.9,-40.8,92.963,1.262,5076.2,1
32,5,3,459,1,0,-1.8,-46.2,92.893,1.281,5099.1,1
57,7,4,1441,2,0,1.4,-42.7,93.918,4.962,5228.1,1
58,6,5,570,2,0,1.4,-41.8,94.465,4.959,5228.1,1
38,3,4,63,2,0,-1.8,-50,92.843,1.757,5099.1,1
55,7,3,542,1,0,1.4,-42.7,93.918,4.963,5228.1,1
33,10,4,166,3,2,-3.4,-26.9,92.431,0.74,5017.5,1
39,5,4,328,2,3,-1.8,-40,93.876,0.683,5008.7,1
59,10,2,85,1,0,-0.1,-40.4,93.798,4.968,5195.8,1
53,4,2,398,2,0,-1.8,-34.6,93.749,0.644,5008.7,1
48,10,3,294,1,1,-3.4,-26.9,92.431,0.74,5017.5,1
62,3,1,163,2,0,-1.8,-50,92.843,1.52,5099.1,1
24,7,4,1150,3,0,1.4,-42.7,93.918,4.958,5228.1,1
50,4,5,634,1,0,-1.8,-34.6,93.749,0.644,5008.7,1
46,6,1,372,1,0,-2.9,-40.8,92.963,1.26,5076.2,1
42,5,1,377,1,0,-1.8,-46.2,92.893,1.264,5099.1,1
41,4,5,1203,2,1,-1.8,-47.1,93.075,1.479,5099.1,1
56,7,5,308,2,0,-2.9,-33.6,92.469,1.059,5076.2,1
32,8,3,823,1,0,1.4,-36.1,93.444,4.965,5228.1,1
57,12,3,391,2,0,-3,-33,92.713,0.706,5023.5,1
61,6,3,1076,2,0,-2.9,-40.8,92.963,1.26,5076.2,1
33,5,2,165,1,1,-1.8,-46.2,92.893,1.266,5099.1,1
33,10,1,252,2,2,-1.1,-49.5,94.601,0.977,4963.6,1
34,11,4,169,1,2,-3.4,-30.1,92.649,0.714,5017.5,1
41,5,3,314,2,0,-1.8,-46.2,92.893,1.281,5099.1,1
21,10,1,328,1,0,-3.4,-26.9,92.431,0.739,5017.5,1
38,3,3,141,1,1,-1.8,-34.8,93.369,0.655,5008.7,1
44,6,1,151,1,0,-2.9,-40.8,92.963,1.26,5076.2,1
50,4,5,160,1,0,-1.8,-47.1,93.075,1.4,5099.1,1
50,5,3,507,1,0,1.1,-36.4,93.994,4.857,5191,1
47,8,3,470,1,2,-1.7,-38.3,94.027,0.9,4991.6,1
62,8,1,405,1,0,-2.9,-31.4,92.201,0.861,5076.2,1
28,5,4,1148,1,0,-1.8,-46.2,92.893,1.327,5099.1,1
39,10,5,125,1,0,-3.4,-26.9,92.431,0.72,5017.5,1
60,4,4,571,1,0,-1.8,-47.1,93.075,1.365,5099.1,1
28,11,2,254,5,0,-3.4,-30.1,92.649,0.715,5017.5,1
45,4,5,541,1,0,-1.8,-47.1,93.075,1.405,5099.1,1
39,7,1,617,2,0,1.4,-42.7,93.918,4.96,5228.1,1
59,6,3,340,1,1,-2.9,-40.8,92.963,1.26,5076.2,1
32,8,2,645,4,0,1.4,-36.1,93.444,4.966,5228.1,1
31,6,3,704,4,0,1.4,-41.8,94.465,4.962,5228.1,1
54,8,2,95,2,0,-2.9,-31.4,92.201,0.838,5076.2,1
49,4,5,378,1,0,-1.8,-47.1,93.075,1.405,5099.1,1
28,7,5,278,2,0,1.4,-42.7,93.918,4.957,5228.1,1
23,7,4,250,4,1,-1.7,-40.3,94.215,0.846,4991.6,1
66,11,4,1127,1,0,-3.4,-30.1,92.649,0.714,5017.5,1
48,5,2,1062,3,0,-1.8,-46.2,92.893,1.291,5099.1,1
37,5,5,292,3,0,-1.8,-40,93.876,0.682,5008.7,1
46,5,3,984,1,1,-1.8,-46.2,92.893,1.334,5099.1,1
59,8,5,218,3,1,-1.7,-38.3,94.027,0.905,4991.6,1
30,11,4,531,1,1,-0.1,-42,93.2,4.076,5195.8,1
37,5,1,442,1,0,-1.8,-46.2,92.893,1.244,5099.1,1
27,9,4,530,1,1,-1.1,-37.5,94.199,0.879,4963.6,1
58,5,4,289,1,4,-1.8,-40,93.876,0.683,5008.7,1
30,4,4,739,2,0,-1.8,-47.1,93.075,1.483,5099.1,1
29,6,5,365,3,0,-2.9,-40.8,92.963,1.268,5076.2,1
54,11,2,1855,1,0,-0.1,-42,93.2,4.153,5195.8,1
22,9,1,194,2,3,-1.1,-37.5,94.199,0.882,4963.6,1
48,5,1,607,1,0,1.1,-36.4,93.994,4.858,5191,1
32,7,4,276,2,0,-2.9,-33.6,92.469,1.072,5076.2,1
29,3,1,132,1,0,-1.8,-34.8,93.369,0.652,5008.7,1
55,10,4,424,2,1,-3.4,-26.9,92.431,0.722,5017.5,1
31,6,4,590,3,0,1.4,-41.8,94.465,4.866,5228.1,1
27,6,5,266,2,1,-1.7,-39.8,94.055,0.748,4991.6,1
43,7,3,1806,4,0,1.4,-42.7,93.918,4.957,5228.1,1
32,5,4,1046,1,0,-1.8,-46.2,92.893,1.327,5099.1,1
47,10,1,767,3,0,-1.1,-49.5,94.601,1,4963.6,1
37,7,5,674,3,0,1.4,-42.7,93.918,4.957,5228.1,1
35,7,2,740,1,0,1.4,-42.7,93.918,4.962,5228.1,1
32,5,4,1119,1,0,1.1,-36.4,93.994,4.855,5191,1
60,4,4,482,2,0,-1.8,-47.1,93.075,1.365,5099.1,1
30,5,5,1357,4,1,-1.8,-46.2,92.893,1.25,5099.1,1
80,10,4,169,1,0,-3.4,-26.9,92.431,0.722,5017.5,1
30,9,5,219,3,1,-1.1,-37.5,94.199,0.883,4963.6,1
24,5,3,311,2,0,-1.8,-46.2,92.893,1.27,5099.1,1
31,5,1,475,1,1,-1.8,-46.2,92.893,1.299,5099.1,1
34,7,3,727,3,0,1.4,-42.7,93.918,4.962,5228.1,1
61,4,4,266,5,0,-1.8,-47.1,93.075,1.406,5099.1,1
69,4,2,207,2,0,-1.8,-47.1,93.075,1.423,5099.1,1
28,3,2,320,1,0,-1.8,-50,92.843,1.799,5099.1,1
58,9,4,272,4,1,-1.1,-37.5,94.199,0.878,4963.6,1
37,7,1,1009,5,0,1.4,-42.7,93.918,4.962,5228.1,1
30,3,5,268,5,2,-1.8,-50,92.843,1.64,5099.1,1
25,11,5,712,2,1,-1.1,-50.8,94.767,1.04,4963.6,1
26,8,4,203,1,3,-1.7,-38.3,94.027,0.904,4991.6,1
26,6,1,230,3,0,1.4,-41.8,94.465,4.865,5228.1,1
44,8,3,153,3,1,-1.7,-38.3,94.027,0.9,4991.6,1
43,11,3,1011,1,1,-0.1,-42,93.2,4.12,5195.8,1
53,8,2,1186,4,0,1.4,-36.1,93.444,4.968,5228.1,1
54,11,4,653,1,0,-0.1,-42,93.2,4.076,5195.8,1
31,8,1,155,2,1,-2.9,-31.4,92.201,0.884,5076.2,1
26,3,4,139,1,0,-1.8,-50,92.843,1.65,5099.1,1
33,5,3,519,2,2,-1.8,-46.2,92.893,1.334,5099.1,1
30,6,4,246,1,1,-2.9,-40.8,92.963,1.26,5076.2,1
31,11,3,424,2,0,-0.1,-42,93.2,4.12,5195.8,1
48,5,3,360,1,1,-1.8,-40,93.876,0.682,5008.7,1
25,6,1,301,3,0,-2.9,-40.8,92.963,1.281,5076.2,1
30,5,2,683,2,0,1.1,-36.4,93.994,4.856,5191,1
32,4,1,688,2,0,-1.8,-34.6,93.749,0.645,5008.7,1
33,5,1,1340,1,0,-1.8,-46.2,92.893,1.244,5099.1,1
80,3,5,213,3,4,-1.8,-34.8,93.369,0.649,5008.7,1
38,4,4,882,1,1,-1.8,-34.6,93.749,0.659,5008.7,1
45,4,2,379,3,1,-1.8,-34.6,93.749,0.642,5008.7,1
44,8,2,175,2,2,-2.9,-31.4,92.201,0.883,5076.2,1
43,8,2,1332,1,0,1.4,-36.1,93.444,4.968,5228.1,1
42,8,2,1311,2,0,1.4,-36.1,93.444,4.968,5228.1,1
50,4,4,1365,2,1,-1.8,-47.1,93.075,1.41,5099.1,1
49,5,5,1980,2,0,1.1,-36.4,93.994,4.864,5191,1
44,4,2,895,1,0,-1.8,-47.1,93.075,1.453,5099.1,1
34,5,5,1190,2,0,-1.8,-46.2,92.893,1.25,5099.1,1
30,5,1,742,4,0,-1.8,-46.2,92.893,1.354,5099.1,1
27,7,5,784,1,0,1.4,-42.7,93.918,4.962,5228.1,1
35,6,4,269,1,0,-2.9,-40.8,92.963,1.26,5076.2,1
63,11,2,131,4,2,-3.4,-30.1,92.649,0.715,5017.5,1
52,5,4,195,1,0,-1.8,-40,93.876,0.677,5008.7,1
28,3,2,156,1,0,-1.8,-50,92.843,1.799,5099.1,1
38,3,2,450,3,2,-1.8,-34.8,93.369,0.652,5008.7,1
33,3,1,265,2,0,-1.8,-34.8,93.369,0.652,5008.7,1
58,4,3,129,1,0,-1.8,-47.1,93.075,1.415,5099.1,1
30,8,4,148,2,0,-2.9,-31.4,92.201,0.873,5076.2,1
25,6,1,485,2,0,-1.7,-39.8,94.055,0.72,4991.6,1
41,11,5,1074,1,0,-0.1,-42,93.2,4.021,5195.8,1
53,3,4,362,1,2,-1.8,-34.8,93.369,0.643,5008.7,1
34,10,5,281,1,2,-3.4,-26.9,92.431,0.73,5017.5,1
43,6,5,1422,10,0,1.4,-41.8,94.465,4.959,5228.1,1
37,12,3,149,3,0,-3,-33,92.713,0.715,5023.5,1
32,6,2,712,1,2,-2.9,-40.8,92.963,1.262,5076.2,1
41,5,4,1135,3,1,-1.8,-46.2,92.893,1.327,5099.1,1
51,6,5,657,1,0,-2.9,-40.8,92.963,1.268,5076.2,1
52,8,2,600,1,0,-2.9,-31.4,92.201,0.884,5076.2,1
40,9,5,91,1,0,-3.4,-29.8,92.379,0.773,5017.5,1
38,3,5,363,2,1,-1.8,-50,92.843,1.726,5099.1,1
66,3,2,525,1,2,-1.8,-34.8,93.369,0.655,5008.7,1
50,6,5,705,7,0,1.4,-41.8,94.465,4.959,5228.1,1
82,7,3,316,1,0,-1.7,-40.3,94.215,0.881,4991.6,1
55,7,4,1298,1,0,1.4,-42.7,93.918,4.962,5228.1,1
28,8,4,78,3,0,-2.9,-31.4,92.201,0.851,5076.2,1
37,12,1,206,2,1,-3,-33,92.713,0.706,5023.5,1
26,8,1,1087,1,1,-1.7,-38.3,94.027,0.904,4991.6,1
39,8,5,308,6,0,-1.7,-38.3,94.027,0.898,4991.6,1
37,10,5,416,2,0,-3.4,-26.9,92.431,0.72,5017.5,1
52,8,2,408,1,0,-2.9,-31.4,92.201,0.883,5076.2,1
68,10,2,418,2,0,-3.4,-26.9,92.431,0.728,5017.5,1
36,5,2,196,1,0,-1.8,-40,93.876,0.697,5008.7,1
57,8,5,784,1,0,1.4,-36.1,93.444,4.966,5228.1,1
33,5,4,578,1,0,-1.8,-46.2,92.893,1.266,5099.1,1
48,7,2,1424,4,0,1.4,-42.7,93.918,4.961,5228.1,1
54,6,5,258,2,0,-2.9,-40.8,92.963,1.268,5076.2,1
30,9,4,327,2,0,-1.1,-37.5,94.199,0.879,4963.6,1
28,3,1,120,3,0,-1.8,-50,92.843,1.811,5099.1,1
38,9,5,256,2,0,-1.1,-37.5,94.199,0.878,4963.6,1
52,5,4,211,1,4,-1.8,-40,93.876,0.677,5008.7,1
60,5,4,181,3,1,-1.8,-40,93.876,0.699,5008.7,1
64,8,5,252,4,0,-2.9,-31.4,92.201,0.849,5076.2,1
59,8,3,1019,2,1,-2.9,-31.4,92.201,0.884,5076.2,1
31,7,3,537,1,0,1.4,-42.7,93.918,4.962,5228.1,1
32,12,1,205,4,1,-3,-33,92.713,0.706,5023.5,1
36,6,1,174,1,1,-2.9,-40.8,92.963,1.266,5076.2,1
40,4,4,815,1,0,-1.8,-47.1,93.075,1.365,5099.1,1
31,6,2,208,1,0,-1.7,-39.8,94.055,0.723,4991.6,1
49,5,5,532,3,0,-1.8,-46.2,92.893,1.25,5099.1,1
53,11,3,1468,3,0,-0.1,-42,93.2,4.12,5195.8,1
33,6,3,274,2,2,-1.7,-39.8,94.055,0.767,4991.6,1
33,3,2,406,2,1,-1.8,-50,92.843,1.614,5099.1,1
45,5,5,582,1,1,-1.8,-46.2,92.893,1.259,5099.1,1
49,5,3,801,1,0,1.1,-36.4,93.994,4.858,5191,1
52,11,5,495,1,1,-3.4,-30.1,92.649,0.714,5017.5,1
32,8,3,253,1,2,-2.9,-31.4,92.201,0.884,5076.2,1
41,4,2,463,1,0,-1.8,-47.1,93.075,1.453,5099.1,1
50,5,1,673,6,1,-1.8,-46.2,92.893,1.354,5099.1,1
32,6,2,384,1,0,-2.9,-40.8,92.963,1.262,5076.2,1
33,7,4,630,4,0,1.4,-42.7,93.918,4.968,5228.1,1
25,8,4,184,1,0,-2.9,-31.4,92.201,0.851,5076.2,1
71,11,2,193,2,0,-3.4,-30.1,92.649,0.715,5017.5,1
27,4,5,156,2,0,-1.8,-47.1,93.075,1.405,5099.1,1
45,11,5,980,2,0,-0.1,-42,93.2,4.021,5195.8,1
29,12,4,805,1,0,-3,-33,92.713,0.714,5023.5,1
26,8,2,176,2,1,-2.9,-31.4,92.201,0.883,5076.2,1
54,12,3,346,1,0,-3,-33,92.713,0.721,5023.5,1
28,6,1,491,2,0,-2.9,-40.8,92.963,1.26,5076.2,1
39,9,4,291,3,0,-1.1,-37.5,94.199,0.884,4963.6,1
43,6,1,458,6,0,-2.9,-40.8,92.963,1.281,5076.2,1
33,10,5,233,1,0,-3.4,-26.9,92.431,0.739,5017.5,1
66,3,2,881,3,1,-1.8,-34.8,93.369,0.646,5008.7,1
57,5,1,483,2,0,1.1,-36.4,93.994,4.858,5191,1
74,8,3,232,3,0,-2.9,-31.4,92.201,0.854,5076.2,1
81,10,3,621,1,2,-1.1,-49.5,94.601,1.016,4963.6,1
60,5,1,1602,2,0,-1.8,-46.2,92.893,1.354,5099.1,1
47,9,1,323,1,2,-3.4,-29.8,92.379,0.771,5017.5,1
25,10,5,115,1,1,-3.4,-26.9,92.431,0.739,5017.5,1
